content,label
Sangat mudah untuk manage multiple projects sekaligus,positive
Performance yang sangat solid dan tidak pernah mengecewakan,positive
Fitur dashboard yang sangat intuitive dan informative,positive
Aplikasi yang sangat comprehensive dengan semua fitur yang dibutuhkan,positive
"Suka banget sama hero-heronya, desain dan skill-nya keren-keren!",positive
Saya main dari 2018 dan gak pernah bosen. MLBB is the best!,positive
Kontrol gampang dipahami dan cocok buat pemula juga.,positive
Matchmaking sekarang jauh lebih baik. Terima kasih developer!,positive
Game MOBA terbaik di Android! Selalu update dan event-nya menarik.,positive
Hero baru selalu menarik dan seimbang. Nice job!,positive
Event-event berhadiah skin gratis bikin makin semangat main!,positive
Skin-skin epic sangat memanjakan mata. Worth it banget!,positive
"Server makin stabil, jarang lag sekarang.",positive
"Grafiknya mantap, efek skill juga bagus banget.",positive
Saya main dari 2018 dan gak pernah bosen. MLBB is the best!,positive
Game MOBA terbaik di mobile! Grafik bagus dan gameplay smooth banget,positive
"Seru banget main sama temen-temen, teamwork jadi kunci utama menang",positive
"Hero-heronya unik dan beragam, setiap hero punya skill yang menarik",positive
"Updatean rutin bikin game selalu fresh, ga pernah bosen main",positive
"Sistem ranking yang fair, skill benar-benar menentukan rank kamu",positive
"Grafik HD-nya keren abis, detail hero dan map sangat bagus",positive
"Matchmaking cepat, ga perlu nunggu lama buat dapet match",positive
"Event-eventnya seru dan hadiahnya menarik, bikin semangat main",positive
"Controlnya responsive, mudah dikuasai untuk pemain baru",positive
"Skin hero-heronya kece-kece, efek skillnya juga makin keren",positive
"Community yang solid, banyak temen baru yang bisa diajak main",positive
Turnamen dan kompetisi esports-nya bikin game makin bergengsi,positive
"Balance hero selalu diperbaiki, jadi ga ada hero yang terlalu OP",positive
Fitur replay bagus buat belajar dari kesalahan atau analisa permainan,positive
"Mode classic cocok buat santai, mode rank buat yang serius",positive
"Tutorial lengkap, newbie bisa cepat paham cara mainnya",positive
"Server Indonesia stabil, jarang lag atau disconnect",positive
"Bisa main offline lawan AI, cocok buat latihan skill",positive
"Sistem report yang efektif, toxic player bisa kena sanksi",positive
Voice chat in-game memudahkan koordinasi sama tim,positive
"Loading time cepat, ga bikin lama nunggu masuk game",positive
"Bisa spectate match temen, seru buat belajar strategi baru",positive
"Customization emblem yang beragam, bisa disesuaikan playstyle",positive
"Push rank bareng squad itu feelingnya beda, seru banget",positive
"Meta game selalu berubah, jadi harus terus adapt dan belajar",positive
Efek suara dan musik background-nya epic banget,positive
"Bisa main di hp spek rendah, optimasi bagus",positive
Daily quest dan achievement bikin ada target tiap hari,positive
Sistem ban pick di draft mode bikin strategy lebih mendalam,positive
"Hero gratis rotasi mingguan, bisa coba hero baru tanpa beli",positive
Jungle monster dan creep design-nya detail dan menarik,positive
Bisa adjust setting control sesuai kenyamanan masing-masing,positive
Tim support Moonton responsive banget kalau ada masalah,positive
"Fitur chat yang lengkap, bisa komunikasi efektif sama tim",positive
"Map design yang balance, ga ada yang terlalu advantage",positive
"Item build yang beragam, bisa eksperimen sesuai situasi",positive
Sistem medal dan grade bikin termotivasi main lebih baik,positive
"Bisa streaming langsung dari game, fitur yang keren",positive
"Tutorial hero baru selalu ada, jadi mudah pelajari skill barunya",positive
Ping system yang efisien buat komunikasi non-verbal,positive
Seasonal skin limited edition yang ekslusif dan keren,positive
"Bisa main 1v1 custom dengan temen, seru buat adu skill",positive
Leaderboard global bikin semangat buat jadi yang terbaik,positive
"Mode arcade yang variatif, ga cuma classic sama ranked aja",positive
Sistem protection point yang fair buat yang kena AFK teammate,positive
Weekly free hero rotation bikin bisa nyoba hero premium,positive
Interface UI yang clean dan mudah dipahami,positive
Bisa ganti server buat main sama temen dari negara lain,positive
"Patch notes yang detail, transparan soal perubahan game",positive
"Hero trial card gratis, bisa test hero sebelum beli permanent",positive
"Guild system yang solid, bisa join komunitas dan dapet benefit",positive
Live streaming pro player bisa ditonton langsung dari game,positive
Sistem creep score dan farming yang realistis seperti MOBA PC,positive
Bisa save replay highlight dan share ke social media,positive
"Battle spell yang beragam, bisa disesuaikan sama hero dan strategy",positive
Sistem early surrender yang fair kalau match udah ga seimbang,positive
Training mode yang lengkap buat latihan last hit dan combo skill,positive
Event collaboration dengan anime/brand terkenal selalu menarik,positive
Bisa adjust graphic quality sesuai kemampuan device,positive
Sistem honor dan credit score yang mendorong positive behavior,positive
Map awareness tool seperti ward dan vision yang strategis,positive
"Bisa custom keybind skill, bikin combo lebih smooth",positive
"Update security yang rutin, akun aman dari hacker",positive
"Sistem clan war yang seru, kompetisi antar guild",positive
Hero mastery system yang bikin pengen fokus main hero tertentu,positive
Bisa spectate match rank tinggi buat belajar strategy pro,positive
Event login harian dengan reward yang worthit,positive
"Sistem buff jungle yang strategic, bikin gameplay lebih dalam",positive
Bisa adjust joystick sensitivity sesuai preferensi,positive
Customer service yang helpful kalau ada bug atau masalah,positive
Sistem mute yang efektif buat blokir toxic player,positive
"Bisa backup data ke akun social media, aman dari kehilangan progress",positive
Tournament viewer mode dengan commentary yang seru,positive
"Hero role yang jelas: tank, assassin, mage, marksman, support",positive
Bisa adjust HUD layout sesuai kenyamanan main,positive
Seasonal ranking reward yang eksklusif dan bergengsi,positive
"Mode draft pick yang strategic, mirip competitive scene",positive
Bisa create room custom dengan rule sendiri,positive
Hero synergy guide yang membantu pemula belajar combo tim,positive
Loading screen tips yang educative dan helpful,positive
Sistem level account dengan unlock content bertahap,positive
"Bisa adjust audio mix antara game sound, music, dan voice chat",positive
Event double BP weekend yang bikin cepat unlock hero baru,positive
Replay system dengan multiple camera angle,positive
Hero spotlight video yang jelasin skill dan playstyle,positive
Bisa invite temen langsung dari contact phone,positive
Sistem referral yang ngasih benefit buat yang ngajak temen main,positive
"Map objective yang strategic: turtle, lord, dan buff monster",positive
Bisa adjust auto-aim sensitivity buat skill targeted,positive
Event limited time yang selalu fresh dan menarik,positive
Hero ban system di ranked yang bikin strategy lebih kompleks,positive
Bisa sharing achievement dan milestone ke social media,positive
Training ground dengan moving dummy buat latihan aim,positive
"Weekly hero rotation yang fair, semua player bisa coba",positive
Sistem comeback mechanic yang bikin game tetap exciting sampai akhir,positive
Bisa create highlight reel otomatis dari match terbaik,positive
"Hero lore dan backstory yang menarik, bikin attachment sama character",positive
Sistem escalating surrender yang prevent early rage quit,positive
Bisa adjust minimap size dan transparency sesuai kebutuhan,positive
Event collaboration eksklusif dengan IP terkenal,positive
Hero trial yang unlimited di training mode,positive
Bisa streaming gameplay langsung ke platform social media,positive
Sistem dynamic queue yang balance skill level tim,positive
Weekly mission yang variatif dan challenging,positive
Bisa create custom room dengan mutator rules yang seru,positive
Hero mastery reward yang exclusive buat dedicated main,positive
Sistem advanced statistics yang detail buat analisa performance,positive
Bisa adjust camera follow speed dan distance,positive
Grafisnya luar biasa dan gameplaynya sangat seru!,positive
"Saya suka bermain dengan teman-teman, sangat menyenangkan!",positive
"Permainan ini sangat adiktif, saya tidak bisa berhenti memainkannya!",positive
Karakter-karakter yang ada sangat menarik dan unik.,positive
Event-event yang diadakan selalu seru dan memberikan banyak hadiah.,positive
Sistem kontrolnya sangat responsif dan mudah digunakan.,positive
Komunitasnya ramah dan banyak yang siap membantu.,positive
Setiap update selalu membawa konten baru yang menarik.,positive
Permainan ini sangat seimbang dan adil.,positive
Saya suka strategi yang harus diterapkan dalam permainan ini.,positive
Mode permainan yang beragam membuat saya tidak cepat bosan.,positive
"Musuh yang saya hadapi selalu menantang, membuat permainan lebih seru.",positive
"Grafisnya sangat memukau, saya suka melihat efek skill.",positive
Permainan ini sangat cocok untuk dimainkan bersama teman.,positive
"Saya suka karakter-karakter yang bisa dipilih, banyak variasi.",positive
Setiap pertandingan selalu memberikan pengalaman baru.,positive
Permainan ini sangat menyenangkan dan menghibur.,positive
Saya suka bagaimana permainan ini menguji keterampilan saya.,positive
Fitur chat dalam permainan sangat membantu untuk berkomunikasi.,positive
Permainan ini membuat saya lebih strategis dalam berpikir.,positive
"Setiap hero memiliki keunikan tersendiri, sangat menarik!",positive
Permainan ini sangat seru untuk dimainkan di waktu luang.,positive
Saya suka tantangan yang diberikan dalam mode ranked.,positive
Event-event spesial selalu memberikan kejutan yang menyenangkan.,positive
"Permainan ini sangat mudah dipahami, bahkan untuk pemula.",positive
Saya suka bagaimana permainan ini terus berkembang.,positive
Kompetisi di dalam permainan sangat menantang dan seru.,positive
Setiap hero memiliki latar belakang cerita yang menarik.,positive
Permainan ini membuat saya lebih bersosialisasi dengan orang lain.,positive
"Saya suka skin-skin yang tersedia, sangat kreatif!",positive
Permainan ini sangat menghibur dan tidak membosankan.,positive
Saya suka bagaimana permainan ini mengasah keterampilan tim.,positive
Setiap pertandingan selalu memberikan pengalaman yang berbeda.,positive
Permainan ini sangat cocok untuk dimainkan di mana saja.,positive
Saya suka fitur-fitur baru yang ditambahkan di setiap update.,positive
Permainan ini membuat saya merasa terhubung dengan teman-teman.,positive
Saya suka bagaimana permainan ini menguji strategi tim.,positive
Setiap hero memiliki kemampuan yang unik dan menarik.,positive
Permainan ini sangat seru untuk dimainkan secara kompetitif.,positive
Saya suka bagaimana permainan ini mengajarkan kerja sama tim.,positive
"Grafisnya sangat indah dan detail, saya terkesan!",positive
Permainan ini sangat menyenangkan untuk dimainkan berjam-jam.,positive
Saya suka bagaimana permainan ini selalu memberikan tantangan baru.,positive
Setiap karakter memiliki kepribadian yang menarik.,positive
Permainan ini sangat cocok untuk penggemar MOBA.,positive
Saya suka bagaimana permainan ini terus berinovasi.,positive
Komunitasnya sangat mendukung dan ramah.,positive
"Saya suka event-event yang diadakan, selalu seru!",positive
Permainan ini membuat saya lebih strategis dalam bermain.,positive
Saya suka bagaimana permainan ini mengasah keterampilan saya.,positive
Permainan ini sangat seru untuk dimainkan dengan teman-teman.,positive
"Saya suka karakter-karakter yang ada, sangat beragam.",positive
Saya suka bagaimana permainan ini membuat saya berpikir strategis.,positive
"Saya suka fitur chat dalam permainan, sangat membantu.",positive
Permainan ini sangat cocok untuk dimainkan di waktu luang.,positive
Setiap karakter memiliki latar belakang cerita yang menarik.,positive
Permainan ini sangat seru dan membuat saya ketagihan!,positive
Saya suka bagaimana setiap hero memiliki kemampuan yang berbeda.,positive
Event-event yang diadakan selalu memberikan banyak hadiah menarik.,positive
Permainan ini sangat menyenangkan untuk dimainkan bersama teman-teman.,positive
Saya suka bagaimana permainan ini mengasah keterampilan strategi saya.,positive
"Grafisnya sangat memukau, saya terkesan dengan detailnya!",positive
Permainan ini membuat saya lebih bersosialisasi dengan pemain lain.,positive
Setiap pertandingan selalu memberikan pengalaman yang berbeda dan seru.,positive
"Saya suka karakter-karakter yang ada, sangat beragam dan unik.",positive
Saya suka bagaimana permainan ini menguji keterampilan tim.,positive
"Komunitasnya sangat mendukung dan ramah, saya merasa diterima.",positive
Setiap update selalu membawa konten baru yang menarik dan seru.,positive
"Permainan ini sangat menyenangkan dan menghibur, saya suka!",positive
Setiap hero memiliki latar belakang cerita yang menarik dan mendalam.,positive
"Saya suka skin-skin yang tersedia, sangat kreatif dan menarik!",positive
Game ini seru banget! Grafis keren dan hero-nya unik. Ga bosenin mainnya.,positive
"Terbaik! Update terbaru makin memuaskan, jarang lag dan matchmaking cepat.",positive
Aku suka banget sama Mobile Legends! Komunitasnya ramah dan hero baru selalu menarik.,positive
Game MOBA terbaik di Android! Ga perlu spek tinggi tapi tetap lancar.,positive
"Dari dulu main ML, ga pernah bosan. Tim dev kreatif banget dengan event-eventnya!",positive
Sangat menghibur! Bisa main dengan teman-teman dan rankingnya seru.,positive
"Grafis oke, gameplay smooth, dan hero balance semakin baik. Good job Moonton!",positive
Gameplay seru dan kompetitif. Cocok buat yang suka tantangan team fight!,positive
Ga pernah kecewa sama MLBB! Event selalu memberikan hadiah menarik.,positive
Hero baru selalu bikin penasaran. Keren banget konsepnya!,positive
"Saya suka banget skin-skin di ML, kualitasnya premium dan efeknya keren!",positive
"Game ini bikin ketagihan! Ga heran banyak yang main, seru banget.",positive
"Matchmaking cepat, jarang delay. Pengalaman main jadi lebih menyenangkan.",positive
"Saya pemain lama, dan ML tetap jadi favorit. Ga ada tandingannya!",positive
"Ga perlu khawatir spek rendah, game ini ringan tapi kualitas top!",positive
Mode klasik dan rank sama-sama seru. Bisa santai bisa juga kompetitif.,positive
Terima kasih Moonton! Game ini bikin hari-hariku lebih seru.,positive
"Hero-nya unik-unik, ga monoton. Jadi ga bosen main terus-terusan.",positive
"Server stabil, jarang disconnect. Pengalaman main makin nyaman.",positive
"Kontrol mudah dipahami, cocok buat pemula maupun pro player.",positive
Event kolaborasi ML selalu epic! Keren banget kerjasamanya.,positive
"Saya suka sistem ranked-nya, fair dan menantang.",positive
Grafis dan animasi skill sangat memukau. Keren banget!,positive
Game ini bikin saya ketemu banyak teman baru. Komunitasnya asik!,positive
Ga pernah bosen main ML! Setiap update selalu ada sesuatu yang baru.,positive
"Hero balance semakin baik, jarang ada hero yang terlalu OP.",positive
Mode arcade seru banget! Bisa refreshing dari ranked.,positive
Sistem lapor player toxic sangat membantu. Makin nyaman main.,positive
"Saya suka banget dengan skin collector, keren dan eksklusif!",positive
"Gameplay cepat dan seru, cocok buat mobile gaming.",positive
"Ga perlu khawatir kehabisan hero, banyak pilihan sesuai gaya main.",positive
MLBB selalu memberikan pengalaman bermain yang seru dan fair.,positive
"Saya suka sistem battle point, bisa dapat hero gratis!",positive
Tim dev sangat responsif dengan feedback player. Keren!,positive
Game ini bikin teamwork semakin solid. Seru main dengan squad!,positive
Hero baru selalu dinanti-nanti. Konsepnya kreatif!,positive
Ga pernah lag meski pakai jaringan biasa. Optimasi keren!,positive
"Saya suka turnamen MLBB, bikin semangat naik rank!",positive
Skin efeknya keren banget! Worth it untuk dikoleksi.,positive
Game ini selalu bikin adrenalin naik! Seru banget.,positive
"Dari semua MOBA, ML yang paling enak dimainkan.",positive
"Saya suka fitur recall effect, bikin gameplay lebih hidup.",positive
"Ga perlu beli hero mahal, banyak hero kuat yang bisa didapat gratis.",positive
Event gratis sering bagi-bagi skin. Mantap!,positive
"Saya senang bisa main ML di mana saja, kapan saja.",positive
"Hero balance semakin baik, semua hero bisa dipakai di meta.",positive
Game ini bikin saya belajar teamwork dan strategi.,positive
"Grafisnya smooth, efek skill memukau. Kualitas premium!",positive
"Sistem guild seru, bisa kumpul dengan teman-teman.",positive
MLBB game terbaik untuk mengisi waktu luang!,positive
"Saya suka hero assassin di ML, gerakannya cepat dan mematikan.",positive
"Game ini selalu update, ga pernah monoton.",positive
Bisa main 5v5 dengan teman itu pengalaman yang seru banget!,positive
Sistem laporan toxic player bekerja dengan baik.,positive
"Saya suka skin seasonal, desainnya selalu fresh!",positive
"Gameplay ML sangat responsif, kontrolnya presisi.",positive
"Hero mage di ML sangat beragam, ga bosen pilihnya.",positive
Event ML sering kasih hadiah gratis. Keren!,positive
"Saya suka fitur emotes, bikin game lebih interaktif.",positive
MLBB game yang selalu bikin saya excited!,positive
Hero fighter di ML sangat kuat dan fun untuk dimainkan.,positive
"Saya suka sistem mastery, bisa dapat badge keren.",positive
"Grafis ML sangat cocok untuk mobile, ga berat tapi keren.",positive
Game ini bikin saya ketagihan karena seru banget!,positive
"Saya suka hero marksman, damage-nya gila!",positive
ML selalu memberikan pengalaman bermain yang fair.,positive
"Sistem ranked makin kompetitif, bikin nagih!",positive
"Saya suka hero tank di ML, bisa jadi tulang punggung tim.",positive
Event collab ML selalu mengesankan!,positive
"Gameplay ML sangat dinamis, ga pernah membosankan.",positive
"Saya suka skin legend, efeknya selalu epic!",positive
MLBB punya komunitas yang besar dan ramah.,positive
Hero support di ML sangat membantu tim.,positive
"Saya suka turnamen ML, bikin semangat main!",positive
Grafis dan suara di ML sangat immersive.,positive
Game ini selalu memberikan keseruan tiada henti!,positive
"Saya suka hero baru, selalu bikin penasaran.",positive
MLBB punya banyak mode permainan yang seru.,positive
Sistem guild di ML sangat menyenangkan.,positive
Game ini bikin saya belajar strategi dan teamwork.,positive
"Saya suka skin limited edition, eksklusif banget!",positive
MLBB selalu memberikan update yang fresh.,positive
Hero balance di ML semakin baik setiap updatenya.,positive
Saya suka main ML karena seru dan kompetitif.,positive
Event ML selalu memberikan kejutan menarik.,positive
Grafis ML sangat memukau untuk ukuran mobile.,positive
Game ini bikin saya ketemu teman-teman baru.,positive
"Saya suka hero mage, skillnya keren-keren!",positive
MLBB punya sistem matchmaking yang cepat.,positive
Skin di ML sangat kreatif dan keren!,positive
Game ini selalu bikin saya ingin main lagi.,positive
"Saya suka hero fighter, bisa carry tim!",positive
MLBB punya banyak event seru dan menguntungkan.,positive
Grafis dan animasi di ML sangat halus.,positive
Game ini bikin saya ketagihan karena seru!,positive
"Saya suka skin epic, efeknya selalu wow!",positive
MLBB punya gameplay yang cepat dan seru.,positive
Hero tank di ML sangat fun untuk dimainkan.,positive
"Saya suka sistem ranked di ML, sangat menantang.",positive
Game ini selalu memberikan pengalaman bermain terbaik!,positive
Game MOBA terbaik di mobile dengan gameplay yang sangat seru dan kompetitif,positive
Graphics sangat bagus dan smooth di semua device yang saya coba,positive
Hero diversity sangat beragam dan setiap hero punya uniqueness sendiri,positive
Matchmaking cukup fair dan balanced untuk ranked game,positive
Update rutin dengan content baru yang selalu menarik dan fresh,positive
Sistem progression yang rewarding dan tidak terlalu pay to win,positive
Community yang aktif dan banyak teman baru dari berbagai negara,positive
Tutorial dan guide dalam game sangat membantu pemain baru,positive
Event-event seasonal selalu menarik dengan reward yang worth it,positive
Kontrol yang mudah dipelajari tapi sulit untuk dikuasai dengan sempurna,positive
Skin design yang keren-keren dan animation effectnya mantap,positive
Voice acting para hero sangat berkualitas dan karakteristik,positive
Loading time yang cepat dan jarang mengalami lag saat bermain,positive
Magic chess mode yang unik dan berbeda dari game MOBA lainnya,positive
Ranking system yang fair dan memberikan sense of achievement,positive
Free to play friendly dengan banyak cara mendapatkan hero gratis,positive
Esports scene yang berkembang pesat dan turnamen yang seru,positive
Balance update yang rutin menjaga meta game tetap dinamis,positive
Server stability yang baik dan jarang down untuk maintenance,positive
Customer support yang responsif dan helpful dalam menyelesaikan masalah,positive
Banyak mode game yang bisa dipilih sesuai mood dan waktu bermain,positive
Sistem emblem yang memberikan customization mendalam untuk strategy,positive
Battle spell variety yang memungkinkan berbagai macam strategy,positive
Item build system yang fleksibel dan adaptable untuk situasi berbeda,positive
Map design yang well-balanced dan strategis untuk team fight,positive
Jungle system yang kompleks dan rewarding untuk dikuasai,positive
Team coordination yang diperlukan membuat game ini sangat strategic,positive
Visual effect skill yang spectacular dan tidak membuat fps drop,positive
Character backstory dan lore yang menarik dan well-developed,positive
Seasonal skin yang limited edition dengan kualitas premium,positive
Weekly free hero rotation yang memungkinkan try before buy,positive
Training mode yang lengkap untuk practice skill dan combo,positive
Replay system yang membantu untuk analyze gameplay dan improve,positive
Guild system yang mendorong teamwork dan social interaction,positive
Daily quest yang tidak terlalu demanding tapi rewarding,positive
Battle point system yang fair dalam mendapatkan hero baru,positive
Optimasi yang baik untuk berbagai spesifikasi smartphone,positive
Sound design dan background music yang epic dan immersive,positive
Patch notes yang detail dan transparent tentang perubahan game,positive
Hero mastery system yang memberikan long-term progression goal,positive
Spectator mode yang bagus untuk belajar dari player pro,positive
Achievement system yang comprehensive dan motivating,positive
Chat system yang memudahkan komunikasi dengan teammate,positive
Leaderboard yang competitive dan memberikan recognition,positive
Comeback mechanism yang memungkinkan late game turnaround,positive
Skill ceiling yang tinggi membuat game ini tidak mudah boring,positive
Meta game yang constantly evolving dan tidak stagnant,positive
Pro player scene yang inspiratif dan skill level yang tinggi,positive
Streaming integration yang memudahkan untuk berbagi gameplay,positive
Cross-platform compatibility yang memungkinkan main dengan teman,positive
Regular bug fixes yang menjaga game experience tetap smooth,positive
Creative skin themes yang selalu fresh dan innovative,positive
Hero release schedule yang consistent dan well-planned,positive
Competitive integrity yang terjaga dengan sistem anti-cheat,positive
Mobile controls yang intuitive dan responsive untuk MOBA game,positive
Social features yang lengkap untuk berinteraksi dengan pemain lain,positive
Reward system yang generous untuk active players,positive
Game modes diversity yang cater untuk different playstyles,positive
Visual clarity yang baik sehingga mudah untuk track apa yang terjadi,positive
Learning curve yang challenging tapi tidak overwhelming,positive
Team composition strategy yang deep dan varied,positive
Objective-based gameplay yang strategic dan tidak monoton,positive
Hero synergy system yang memungkinkan creative team combinations,positive
Skillshot mechanics yang satisfying dan skill-based,positive
Comeback gold dan exp system yang balanced dan fair,positive
Map awareness importance yang menambah strategic depth,positive
Itemization choices yang meaningful dan impactful,positive
Timing dan positioning yang crucial membuat skill gap terasa,positive
Draft pick system yang strategic dan menambah competitive layer,positive
Jungle invade mechanics yang menambah risk-reward decisions,positive
Vision control dengan wards yang strategic dan important,positive
Rotation timing yang crucial untuk map control,positive
Split push vs team fight decisions yang strategic,positive
Power spikes awareness yang menambah game knowledge depth,positive
Crowd control chain combos yang satisfying untuk execute,positive
Burst damage vs sustained damage balance yang well-designed,positive
Engage dan disengage timing yang skill-based,positive
Resource management yang strategic dengan mana dan cooldowns,positive
Lane priority concepts yang menambah macro gameplay depth,positive
Objective control yang strategic dengan lord dan turtle,positive
Early game aggression vs late game scaling balance,positive
Support role yang impactful dan tidak boring untuk dimainkan,positive
Carry potential yang ada di setiap role dengan playstyle berbeda,positive
Meta shifts yang regular dan keep the game fresh,positive
Mechanical skill expression yang rewarding untuk practice,positive
Game knowledge importance yang menambah learning depth,positive
Adaptation skills yang diperlukan untuk different matchups,positive
Communication importance yang menambah team coordination,positive
Macro dan micro gameplay balance yang well-executed,positive
Strategic diversity yang memungkinkan multiple win conditions,positive
Individual skill expression dalam team-based environment,positive
Clutch play potential yang membuat game exciting sampai akhir,positive
Skill combo complexity yang satisfying untuk master,positive
Positioning importance yang menambah strategic thinking,positive
Threat assessment skills yang crucial untuk survival,positive
Resource allocation decisions yang strategic dan impactful,positive
Tempo control concepts yang menambah game depth,positive
Win condition identification yang strategic dan varied,positive
Adaptation to enemy strategy yang menambah thinking skills,positive
Pressure application yang strategic dengan map presence,positive
Defensive dan offensive balance yang well-designed,positive
Team fight execution yang requires coordination dan skill,positive
Individual outplay potential yang satisfying dan rewarding,positive
Strategic thinking development yang terbawa ke real life,positive
Problem solving skills yang terasah through gameplay,positive
Quick decision making yang improve through practice,positive
Stress management yang terbentuk dari competitive environment,positive
Leadership skills yang develop dari shot calling,positive
Teamwork appreciation yang tumbuh dari collaborative gameplay,positive
Performance yang sangat buruk saat peak hours,negative
Fitur yang sangat basic dan tidak ada inovasi,negative
Aplikasi yang sangat tidak reliable untuk daily use,negative
Kualitas yang sangat mengecewakan dan tidak sesuai ekspektasi,negative
Tidak ada fitur advanced yang dibutuhkan professional,negative
Aplikasi ini sangat waste of time dan storage,negative
Performance yang sangat terrible dan bikin frustasi,negative
Tidak ada improvement yang signifikan dari versi sebelumnya,negative
Aplikasi yang sangat tidak worth it untuk di-install,negative
Fitur yang sangat limited dan tidak bisa dikustomisasi,negative
"Game sering lag dan disconnect, sangat frustasi mainnya!",negative
"Matchmaking tidak balance, sering ketemu player pro sebagai pemula.",negative
"Banyak player toxic, report system kurang efektif.",negative
"Update terbaru bikin game jadi lemot, perlu optimasi.",negative
"Hero baru selalu OP, baru di-nerf setelah banyak yang beli.",negative
"Koneksi server jelek, sering high ping padahal internet lancar.",negative
"Sistem ranked tidak adil, susah naik tier karena AFK teammate.",negative
"Iklan event terlalu banyak, mengganggu pengalaman bermain.",negative
Skin terlalu mahal untuk kualitas yang diberikan.,negative
"Bugs banyak setelah update, hero jadi tidak bisa dikontrol.",negative
"Game jadi membosankan, meta hero itu-itu saja.",negative
"Penalti untuk AFK player kurang berat, tetap sering ketemu.",negative
"Ekonomi game tidak friendly, butuh waktu lama kumpulkan BP.",negative
"Hero lama tidak pernah di-buff, selalu kalah sama hero baru.",negative
Customer service lambat merespons keluhan.,negative
Banyak cheat dan mod apk yang merusak permainan.,negative
"Event rewards semakin dikurangi, hadiah tidak worth it.",negative
Grinding terlalu berat untuk dapat skin gratis.,negative
"Tutorial untuk pemula sangat minim, bingung memulai.",negative
Spell dan emblem system terlalu rumit untuk new player.,negative
Graphic semakin berat tapi tidak ada peningkatan signifikan.,negative
Sering force close tiba-tiba di HP mid-end.,negative
Matchmaking terlalu lama di tier tinggi.,negative
"Sistem ban tidak transparan, kadang tidak jelas kenapa kena ban.",negative
"Banyak bot di mode klasik, mengurangi keseruan.",negative
Mode baru hanya copy-paste dari game lain tanpa kreativitas.,negative
Sound effect skill sering tidak sync dengan animasi.,negative
Hero favorit saya terus di-nerf sampai tidak bisa dipakai.,negative
Loading screen terlalu lama bahkan di device flagship.,negative
Region lock membuat tidak bisa main dengan teman di negara lain.,negative
Sistem guild tidak ada benefit berarti.,negative
"Skin hanya visual, tidak ada efek gameplay (harusnya ada stat boost).",negative
"Terlalu pay-to-win, hero baru selalu OP harus beli duluan.",negative
"Sistem emblem pay-to-win, yang free sangat lemah.",negative
"Lobby sering bug, tidak bisa invite teman.",negative
"Sistem laporan tidak bekerja, toxic player tidak kena hukuman.",negative
Match history sering tidak tercatat dengan benar.,negative
Ping stabil tapi tiba-tiba spike saat team fight.,negative
"Minim update untuk bug fixes, fokus ke skin baru saja.",negative
Tidak ada punishment untuk player sengaja feed.,negative
"Sistem MMR aneh, kadang dapat teammate skill jauh di bawah.",negative
"Event terlalu grind-oriented, tidak casual-friendly.",negative
"Drop rate gacha skin sangat rendah, seperti scam.",negative
Tidak ada voice chat untuk koordinasi team.,negative
"Sistem friend list sering error, tidak bisa add teman.",negative
"Graphic jadi cartoonish, tidak seperti dulu yang lebih serius.",negative
Sistem battle point cap membuat tidak bisa farm BP terus.,negative
Sering dapat teammate tidak bisa bahasa sama sekali.,negative
"Meta game terlalu cepat berubah, susah beradaptasi.",negative
"Skins terlihat sama saja, hanya recolor dengan harga mahal.",negative
"Matchmaking jelek banget, selalu dapet teammate noob",negative
"Server lag terus, ping tinggi bikin frustasi main",negative
"Hero baru selalu overpowered, ga balance sama sekali",negative
"Skin mahal-mahal tapi cuma cosmetic doang, ga worth it",negative
"System ranking rigged, susah banget naik rank",negative
"Banyak cheater dan script user, developer ga peduli",negative
"Teammate selalu AFK, bikin rugi point rank",negative
"Meta boring, hero yang sama terus yang dipake",negative
"P2W banget, yang bayar hero premium lebih kuat",negative
"Toxic community, chat penuh kata-kata kasar",negative
"Bug ga pernah difix, malah bikin bug baru tiap update",negative
"Gacha skin susah banget, udah spend banyak ga dapet apa-apa",negative
"Savage system ga fair, kill steal jadi kebiasaan",negative
"Loading lama banget, buang-buang waktu",negative
"Hero ban di draft ga masuk akal, favorite hero selalu kena ban",negative
"Jungle invade terlalu mudah, ga ada counter play",negative
"Late game hero terlalu dominan, early game ga ada artinya",negative
"Creep block annoying banget, hero nyangkut di minion",negative
"Mana regen terlalu lambat, skill ga bisa spam",negative
"Tower damage terlalu kecil, diving terlalu mudah",negative
"Recall animation terlalu lama, sering kena cancel",negative
"Item build terbatas, ga ada variety",negative
"Map terlalu kecil, rotation terlalu cepat",negative
"Buff duration terlalu singkat, ga worth ambil",negative
"Gold gain terlalu lambat, farming membosankan",negative
Death timer terlalu lama di late game,negative
"Minion AI jelek, ga bisa last hit dengan benar",negative
"Vision control terbatas, warding system kurang",negative
"Comeback mechanic terlalu strong, lead awal ga berarti",negative
"Hero price terlalu mahal, grind BP lama banget",negative
"Seasonal skin limited bikin FOMO, predatory monetization",negative
"Rank protection ga adil, booster mudah naik rank",negative
"Server maintenance terlalu sering, ga bisa main",negative
"Chat filter terlalu strict, komunikasi strategy susah",negative
"Spectator mode lag, ga bisa enjoy nonton match",negative
"Tutorial kurang lengkap, newbie bingung",negative
"Event requirement terlalu tinggi, casual player susah",negative
"Ping display ga akurat, sering spike mendadak",negative
"Hero rework merusak playstyle, muscle memory hilang",negative
"Surrender vote sering gagal, team toxic ga mau menyerah",negative
"Daily quest repetitif, bosen ngerjain task yang sama",negative
"Guild feature useless, ga ada benefit join guild",negative
"Leaderboard penuh booster, ranking ga legitimate",negative
"Custom mode terbatas, ga bisa eksperimen build",negative
"Training mode ga realistis, musuh AI terlalu mudah",negative
"Replay system buggy, sering crash pas nonton ulang",negative
"Voice chat quality buruk, suara putus-putus",negative
"Controller support limited, ga optimal buat external gamepad",negative
"Battery drain parah, hp cepet panas",negative
"Data usage boros, kuota cepat habis",negative
"Anti-cheat system lemah, masih banyak hacker",negative
"Report system ga efektif, toxic player ga kena sanksi",negative
"Autolock player annoying, ga mau adjust role",negative
"Last pick instalock core, team composition berantakan",negative
"Feeder sengaja, ranked jadi lottery teammate",negative
"Smurf account problem, matchmaking ga seimbang",negative
"Win trading di high rank, competitive integrity rusak",negative
"Macro play diabaikan, semua focus micro skill",negative
"Objective control ga jelas, team ga tau priority",negative
"Split push counter terlalu mudah, strategy terbatas",negative
"Crowd control duration terlalu lama, combo stunlock",negative
"Damage scaling ga balance, assassin one shot semua",negative
"Tank ga tanky, mage lebih susah mati",negative
"Support role underappreciated, ga ada incentive main support",negative
"Marksman weak early game, meta ga cocok",negative
"Jungler dependency tinggi, team collapse kalau jungle bad",negative
"Side lane impact minimal, mid lane terlalu important",negative
"Roaming strategy terbatas, map flow predictable",negative
"Item diversity kurang, build path monoton",negative
"Passive ability boring, ga ada uniqueness",negative
"Ultimate cooldown terlalu lama, teamfight jarang",negative
Movement speed disparity terlalu besar,negative
"Critical hit RNG annoying, damage ga konsisten",negative
"Lifesteal terlalu strong, sustain meta boring",negative
"Armor penetration easy access, tank jadi useless",negative
"Magic resistance item limited, mage terlalu kuat",negative
"Attack speed cap terlalu rendah, DPS terbatas",negative
"Cooldown reduction mahal, ability spam susah",negative
"Mana cost ga scaling, late game mana issue",negative
"Base stats growth minimal, item dependency tinggi",negative
"Skill shot hitbox janky, collision detection buruk",negative
"Dash ability terlalu banyak, mobility creep",negative
"Invisible mechanic broken, counterplay terbatas",negative
"Teleport ability overpowered, map presence unfair",negative
"Resurrection skill annoying, death ga ada consequence",negative
"Transform ability confusing, visual clarity buruk",negative
"Pet/summon AI stupid, micro management susah",negative
"Channel ability easy interrupt, casting risk tinggi",negative
"AoE damage terlalu high, positioning ga penting",negative
"Single target focus lemah, teamfight chaos",negative
"Engagement tool limited, initiation susah",negative
"Disengage option terbatas, all-in meta",negative
"Vision denial tool kurang, map control susah",negative
"Objective steal easy, secure mechanic ga reliable",negative
"Base defense weak, backdoor terlalu mudah",negative
"Fountain camping allowed, BM behavior",negative
"Pause feature abuse, competitive integrity rusak",negative
"Spectator delay inconsistent, stream sniping mudah",negative
"Replay sharing susah, content creation terhambat",negative
"Statistics tracking incomplete, performance analysis susah",negative
"Achievement system boring, milestone ga meaningful",negative
"Friend system limited, social feature kurang",negative
"Clan war unbalanced, big clan selalu menang",negative
"Tournament bracket seeded unfair, underdog susah",negative
"Prize pool distribution ga adil, winner takes all",negative
"Casting quality buruk, commentary ga informatif",negative
"Stream integration buggy, viewer experience buruk",negative
"Mobile optimization poor, UI element terlalu kecil",negative
"Touch control unresponsive, input lag annoying",negative
Susah naik rank karena sistem poinnya aneh.,negative
"Skin mahal banget, padahal efeknya biasa aja.",negative
Tiap update malah bikin game makin berat.,negative
Sering banget lag padahal jaringan bagus. Bikin kesel!,negative
"Matchmaking parah, ketemu tim gak seimbang terus.",negative
"Terlalu banyak hero OP, gak adil buat player baru.",negative
Cheater masih banyak dan gak ditindak tegas.,negative
"Game toxic banget, banyak pemain yang suka nyalahin.",negative
Kadang keluar sendiri dari game pas ranked. Rugi bintang!,negative
"Bug gak diperbaiki dari dulu-dulu, padahal udah sering dilaporin.",negative
"Sistem matchmaking sangat tidak seimbang, sering kalah.",negative
Sering mengalami lag dan crash saat bermain.,negative
"Hero-hero baru terlalu OP, membuat permainan tidak adil.",negative
Event-event sering kali tidak memberikan hadiah yang layak.,negative
"Permainan ini terlalu banyak bug, sangat mengganggu.",negative
"Komunitasnya kadang toxic, sulit untuk bersenang-senang.",negative
Pengalaman bermain solo sangat mengecewakan.,negative
Sering kali saya tidak bisa terhubung ke server.,negative
Permainan ini membutuhkan banyak uang untuk bersaing.,negative
Update terbaru malah membuat permainan jadi lebih buruk.,negative
Saya tidak suka perubahan pada sistem ranking.,negative
"Beberapa hero terlalu sulit untuk dimainkan, tidak seimbang.",negative
Fitur chat sering kali tidak berfungsi dengan baik.,negative
"Permainan ini terlalu repetitif, cepat membosankan.",negative
Saya merasa tidak ada kemajuan meskipun sudah bermain lama.,negative
Sering kali saya mendapatkan tim yang tidak kooperatif.,negative
Permainan ini terlalu fokus pada monetisasi.,negative
Grafisnya tidak sebaik yang saya harapkan.,negative
Beberapa skin terlalu mahal untuk dibeli.,negative
Saya tidak suka bagaimana permainan ini mengatur matchmaking.,negative
Permainan ini sering kali membuat frustrasi.,negative
Hero-hero lama tidak mendapatkan buff yang layak.,negative
Saya merasa permainan ini tidak adil bagi pemain baru.,negative
Sering kali saya mengalami disconnect saat pertandingan.,negative
"Permainan ini terlalu banyak iklan, mengganggu pengalaman.",negative
Saya tidak suka bagaimana permainan ini mengatur cooldown skill.,negative
Beberapa mode permainan tidak seimbang dan tidak adil.,negative
Permainan ini sering kali tidak responsif.,negative
Saya merasa tidak ada inovasi dalam gameplay.,negative
Kompetisi di dalam permainan sering kali tidak adil.,negative
Permainan ini terlalu banyak grinding untuk mendapatkan hero.,negative
Saya tidak suka bagaimana permainan ini mengatur level.,negative
"Beberapa hero terlalu kuat, membuat permainan tidak seimbang.",negative
Saya merasa permainan ini lebih fokus pada uang daripada gameplay.,negative
Sering kali saya mendapatkan lawan yang jauh lebih kuat.,negative
Permainan ini membuat saya merasa frustrasi dan tidak puas.,negative
Saya tidak suka bagaimana permainan ini mengatur item.,negative
"Beberapa fitur tidak berfungsi dengan baik, sangat mengecewakan.",negative
Permainan ini terlalu banyak bug yang belum diperbaiki.,negative
"Komunitasnya kadang sangat toxic, sulit untuk bersenang-senang.",negative
Permainan ini terlalu repetitif dan membosankan.,negative
Saya tidak suka bagaimana permainan ini mengatur hero.,negative
Beberapa mode permainan tidak menarik dan membosankan.,negative
Permainan ini terlalu fokus pada monetisasi dan bukan gameplay.,negative
"Beberapa skin terlalu mahal untuk dibeli, tidak sebanding.",negative
Permainan ini sering kali membuat frustrasi dan tidak menyenangkan.,negative
"Hero-hero lama tidak mendapatkan buff yang layak, sangat mengecewakan.",negative
"Sering kali saya mengalami disconnect saat pertandingan, sangat mengganggu.",negative
"Permainan ini terlalu banyak iklan, mengganggu pengalaman bermain.",negative
Saya tidak suka bagaimana permainan ini mengatur level dan pengalaman.,negative
"Beberapa hero terlalu kuat, membuat permainan tidak seimbang dan adil.",negative
Saya merasa permainan ini lebih fokus pada uang daripada gameplay yang menyenangkan.,negative
"Sering kali saya mendapatkan lawan yang jauh lebih kuat, sangat frustasi.",negative
Permainan ini membuat saya merasa frustrasi dan tidak puas dengan pengalaman bermain.,negative
Saya tidak suka bagaimana permainan ini mengatur item dan strategi.,negative
"Beberapa fitur tidak berfungsi dengan baik, sangat mengecewakan dan mengganggu.",negative
"Permainan ini terlalu banyak bug yang belum diperbaiki, sangat mengganggu.",negative
"Saya merasa tidak ada kemajuan meskipun sudah bermain lama, sangat mengecewakan.",negative
"Komunitasnya kadang sangat toxic, sulit untuk bersenang-senang dan menikmati permainan.",negative
"Permainan ini terlalu repetitif dan membosankan, tidak ada inovasi.",negative
Saya tidak suka bagaimana permainan ini mengatur hero dan kemampuan mereka.,negative
"Beberapa mode permainan tidak menarik dan membosankan, tidak ada tantangan.",negative
Saya merasa permainan ini tidak adil bagi pemain baru dan pemula.,negative
Sering kali saya mendapatkan tim yang tidak kooperatif dan tidak mendukung.,negative
Permainan ini terlalu fokus pada monetisasi dan bukan gameplay yang menyenangkan.,negative
"Grafisnya tidak sebaik yang saya harapkan, sangat mengecewakan.",negative
"Beberapa skin terlalu mahal untuk dibeli, tidak sebanding dengan kualitasnya.",negative
Saya tidak suka bagaimana permainan ini mengatur cooldown skill dan kemampuan.,negative
"Permainan ini sering kali membuat frustrasi dan tidak menyenangkan, sangat mengecewakan.",negative
"Hero-hero lama tidak mendapatkan buff yang layak, sangat mengecewakan dan tidak adil.",negative
"Saya merasa permainan ini tidak adil bagi pemain baru dan pemula, sangat frustasi.",negative
"Sering kali saya mengalami disconnect saat pertandingan, sangat mengganggu dan mengecewakan.",negative
Permainan ini sering kali tidak responsif dan lambat.,negative
Saya merasa permainan ini lebih fokus pada monetisasi daripada gameplay.,negative
"Beberapa hero terlalu OP, membuat permainan tidak adil.",negative
fitur game ini payah dan sangat tidak stabil,negative
"grafiknya bagus, tapi sering lag dan force close",negative
game ini bikin HP cepat panas dan boros baterai,negative
terlalu banyak iklan yang mengganggu saat bermain,negative
"loading sangat lama, bikin malas main",negative
"server sering down, ga bisa login",negative
kontrol game kacau dan tidak responsif,negative
terlalu banyak bug yang tidak diperbaiki,negative
update terbaru malah bikin game rusak,negative
"game-nya payah, jauh dari ekspektasi",negative
grafis buruk dan gameplay membosankan,negative
"event tidak adil, hanya menguntungkan player berbayar",negative
"sistem matchmaking kacau, lawan terlalu kuat",negative
"game terlalu berat, sering crash di HP spek menengah",negative
"tidak sesuai dengan iklan, sangat mengecewakan",negative
fitur gacha-nya sangat tidak adil,negative
"musuh terlalu overpowered, tidak seimbang",negative
storyline tidak jelas dan membingungkan,negative
gameplay monoton dan cepat membosankan,negative
support developer sangat lambat merespon bug,negative
fitur penting dikunci dan harus bayar,negative
voice acting sangat buruk dan tidak natural,negative
game sering freeze di tengah pertempuran,negative
kontrol susah banget dipahami,negative
reward harian terlalu sedikit,negative
size aplikasi terlalu besar untuk kualitas yang diberikan,negative
mekanisme permainan tidak masuk akal,negative
pengalaman main sangat mengecewakan,negative
grafik seperti game jadul,negative
fitur PVP banyak cheater,negative
tidak bisa dimainkan offline padahal tidak perlu koneksi,negative
"ads terlalu agresif, mengganggu gameplay",negative
fitur-fitur banyak yang tidak berfungsi,negative
sering keluar sendiri dari game,negative
progress sering hilang setelah update,negative
event terlalu pay to win,negative
pengaturan bahasa kacau dan sulit dipahami,negative
navigasi dalam game membingungkan,negative
tidak bisa login setelah update,negative
game jadi makin buruk setiap update,negative
fitur ranking tidak adil dan manipulatif,negative
desain karakter sangat buruk dan tidak menarik,negative
koneksi server sangat lambat,negative
reward terlalu kecil untuk effort yang besar,negative
balancing antar karakter tidak diperhatikan,negative
fitur komunitas dalam game tidak berguna,negative
UI game jelek dan membingungkan,negative
animasi kaku dan tidak halus,negative
sistem upgrade terlalu mahal,negative
banyak fitur terkunci padahal sudah level tinggi,negative
"tidak ada inovasi, hanya meniru game lain",negative
"konten terlalu sedikit, cepat tamat",negative
tidak ada panduan bermain yang jelas,negative
sangat tidak user-friendly,negative
performa buruk bahkan di perangkat flagship,negative
penjelasan skill karakter tidak jelas,negative
tampilan terlalu gelap dan menyulitkan,negative
mode permainan membosankan,negative
skill cooldown terlalu lama,negative
musuh terlalu banyak dan terlalu kuat,negative
grafik tidak konsisten antar scene,negative
tampilan menu tidak enak dilihat,negative
transisi scene kasar dan tidak mulus,negative
terlalu sering maintenance dadakan,negative
fitur simpan progress tidak bekerja,negative
"musuh respawn terlalu cepat, bikin frustrasi",negative
efek suara sangat mengganggu,negative
fitur auto battle tidak berguna,negative
gameplay terasa kaku dan lambat,negative
aksesori dalam game tidak berfungsi,negative
sistem guild sangat membingungkan,negative
gameplay penuh dengan error,negative
fitur crafting tidak bisa dipakai,negative
item terlalu mahal dan tidak worth it,negative
event terlalu rumit dan tidak menarik,negative
sering tiba-tiba logout sendiri,negative
akses login ribet dan sering gagal,negative
grafik sering glitch,negative
reward gacha tidak sesuai probabilitas,negative
sistem login harian tidak bekerja,negative
game terasa tidak selesai dibuat,negative
developer tidak aktif menanggapi keluhan,negative
game sulit dinikmati karena banyak error,negative
konten terlalu sedikit untuk game sekelas ini,negative
tidak bisa diakses di banyak perangkat,negative
level terlalu sulit di awal permainan,negative
tampilan loading terlalu sering muncul,negative
mode arena tidak bisa diakses,negative
game tidak stabil dan suka keluar sendiri,negative
progress tidak sinkron antar device,negative
fitur PvP tidak adil,negative
game terlalu repetitif,negative
tidak ada variasi musuh,negative
pengisian energi terlalu lama,negative
UI tidak cocok untuk perangkat kecil,negative
sistem teman tidak bekerja,negative
fitur ranking tidak bisa diakses,negative
game terlalu banyak bug visual,negative
peta terlalu kecil dan membosankan,negative
susah dapat karakter bagus tanpa bayar,negative
efek visual menyakitkan mata,negative
game membuat HP cepat panas,negative
cheater tidak dibanned,negative
tidak ada progress meskipun sudah main lama,negative
grafik buram dan tidak tajam,negative
sistem report tidak bekerja,negative
ads muncul di tengah permainan,negative
kontrol tidak bisa dikustomisasi,negative
game stuck di loading screen,negative
"game asu kek taik, bangke lah",negative
"Screen orientation lock, landscape only limiting",negative
Game ini penuh dengan lag dan bug yang sangat mengganggu gameplay,negative
"Matchmaking sangat tidak seimbang, selalu ketemu lawan yang levelnya jauh lebih tinggi",negative
"Terlalu banyak skin berbayar, game jadi pay to win banget",negative
Server sering down dan maintenance berkepanjangan tanpa kompensasi yang layak,negative
Sistem report pemain toxic tidak efektif sama sekali,negative
Loading gamenya lama banget sampai kadang stuck di loading screen,negative
"Battle point susah banget dikumpulin, hero baru mahal-mahal",negative
Banyak cheater dan script user yang tidak ditindak dengan serius,negative
Update terbaru malah bikin game makin berat dan sering crash,negative
"Rank system tidak fair, sering turun rank gara-gara teammate yang AFK",negative
Iklan yang muncul sangat mengganggu dan tidak bisa di-skip,negative
Hero yang overpowered tidak segera di-nerf padahal sudah banyak komplain,negative
Customer service lambat merespon dan solusinya tidak memuaskan,negative
Boros banget battery dan bikin hp cepat panas berlebihan,negative
Event-event yang diadakan tidak menarik dan rewardnya pelit,negative
Terlalu banyak bot di ranked game yang merusak pengalaman bermain,negative
Fitur voice chat sering bermasalah dan suara putus-putus,negative
Sistem emblem upgrade terlalu rumit dan mahal,negative
Map design yang monoton dan tidak ada variasi yang menarik,negative
Tutorial untuk pemain baru sangat kurang dan membingungkan,negative
Terlalu banyak spam invitation dari stranger yang annoying,negative
Item build guide dalam game tidak update dan banyak yang outdated,negative
Punishment system untuk leaver terlalu ringan jadi banyak yang AFK,negative
Graphics quality menurun di device lama setelah update,negative
Chat filter terlalu ketat sampai kata normal juga kena sensor,negative
Seasonal skin yang limited time terlalu mahal untuk kualitasnya,negative
Bug recall animation yang bikin karakter stuck di tempat,negative
Notification spam dari game sangat mengganggu dan tidak bisa dimatikan,negative
"Balance hero sangat buruk, beberapa hero terlalu dominan di meta",negative
Login reward yang diberikan sangat pelit dibanding effort yang dibutuhkan,negative
Kontrolnya tidak responsif dan sering miss click saat team fight,negative
Terlalu banyak skin gacha yang menguras diamond tanpa jaminan dapat,negative
Magic chess mode penuh dengan bug dan AI yang tidak masuk akal,negative
Weekly free hero rotation sangat terbatas dan hero bagus jarang masuk,negative
Patch notes tidak jelas dan sering ada perubahan yang tidak disebutkan,negative
