content,label
"Game ini luar biasa! Grafiknya memukau, gameplay-nya seru, dan event Naruto bikin ketagihan. Moonton bener-bener ngerti cara bikin player betah!",Positive
Skin gratis dari event selalu bikin semangat main. Terima kasih Moonton atas update yang terus bikin game ini fresh dan menarik!,Positive
"Main MLBB bareng temen selalu seru, apalagi fitur tim yang bikin koordinasi jadi gampang. Gameplay-nya adiktif banget!",Positive
"Event collab-nya keren abis, terutama yang Naruto. Mini game-nya challenging dan bikin main berjam-jam gak bosen!",Positive
"Grafik di update terbaru makin halus, efek skill hero juga spektakuler. Moonton selalu kasih pengalaman visual terbaik!",Positive
"MLBB adalah MOBA terbaik! Banyak hero baru, event seru, dan komunitasnya ramah. Main solo atau tim tetep asik!",Positive
"Sistem rank di MLBB bikin adrenaline naik, tapi adil dan bikin ketagihan. Moonton jaga kualitas terus ya!",Positive
Terima kasih Moonton buat skin gratis di event. Misi-misinya gampang dan hadiahnya worth it banget!,Positive
"Gameplay-nya cepet dan seru, cocok buat yang suka tantangan. Update hero dan skin selalu bikin penasaran!",Positive
"Main di mode brawl selalu bikin ketawa, seru banget! Moonton bener-bener tahu cara bikin game enjoyable!",Positive
"Event terbaru bikin main makin asik, apalagi hadiah skin epic gratis. Moonton, kalian terbaik!",Positive
MLBB punya variasi hero yang bikin tiap match beda. Strategi timnya bikin game ini gak pernah membosankan!,Positive
"UI baru di update terakhir keren banget, navigasinya gampang dan modern. Moonton selalu inovatif!",Positive
"Main MLBB bikin lupa waktu, apalagi pas dapet tim yang kompak. Game ini emang top banget!",Positive
Skin hero di MLBB desainnya selalu detail dan keren. Moonton bener-bener perhatiin estetika!,Positive
"Event collab sama anime selalu ditunggu-tunggu. Naruto kali ini bener-bener bikin puas, Moonton mantap!",Positive
"Game ini bikin nostalgia, dari 2017 sampe sekarang tetep seru. Moonton konsisten bikin game berkualitas!",Positive
Fitur voice chat bikin koordinasi tim jauh lebih mudah. MLBB emang MOBA paling asik buat main bareng!,Positive
"Moonton selalu kasih update yang bikin game ini fresh, dari hero baru sampe mode baru. Keren abis!",Positive
"Main di mode mayhem selalu bikin ketawa, seru banget! Moonton bener-bener kreatif bikin mode baru!",Positive
Event skin gratis bikin player free-to-play tetep bisa nikmatin konten premium. Makasih Moonton!,Positive
"Game ini bener-bener adiktif, tiap match bikin pengen main lagi. Moonton tahu cara bikin player ketagihan!",Positive
"Grafik map di MLBB makin realistis, efek lighting-nya juga top. Moonton selalu naikin standar!",Positive
"Komunitas MLBB ramah, sering ketemu player yang asik diajak teamwork. Game ini bener-bener seru!",Positive
"Event terbaru bikin main makin seru, apalagi misi-misinya gampang tapi hadiahnya wow. Moonton juara!",Positive
"MLBB punya balance hero yang bagus, gak ada yang terlalu OP. Moonton bener-bener jaga fairness!",Positive
Main bareng temen di MLBB selalu bikin hari lebih ceria. Moonton bikin game yang nyatuin orang!,Positive
"Skin epic di event selalu bikin ngiler, efeknya keren banget. Moonton gak pernah gagal bikin skin!",Positive
"Update terbaru bikin performa game makin smooth, gak ada lag sama sekali. Moonton, kalian hebat!",Positive
"Mode magic chess seru banget, strategi beda dari rank biasa. Moonton kreatif banget bikin variasi!",Positive
"MLBB bikin aku ketagihan main tiap hari, event-nya selalu bikin penasaran. Moonton terbaik!",Positive
"Grafik ultra di MLBB bikin mata dimanjain, apalagi efek skill hero. Moonton selalu kasih yang terbaik!",Positive
"Event collab anime bikin MLBB beda dari MOBA lain. Naruto event kali ini super keren, Moonton!",Positive
"Main solo rank di MLBB tetep seru, sistemnya bikin kompetitif tapi fun. Moonton jaga kualitas!",Positive
"Moonton selalu dengar feedback player, update-nya selalu bikin game lebih baik. Terima kasih!",Positive
"Game ini cocok buat semua umur, gampang dipelajari tapi dalam strateginya. Moonton bikin masterpiece!",Positive
Skin gratis dari event bikin aku bisa gaya tanpa keluar duit. Moonton emang paham player!,Positive
"MLBB punya komunitas global yang asik, ketemu player dari berbagai negara. Moonton bikin game menyatukan!",Positive
Update map baru bikin tiap match terasa fresh. Moonton gak pernah kehabisan ide kreatif!,Positive
Game ini bikin aku belajar strategi dan kerja sama tim. Moonton bikin game yang mendidik sekaligus seru!,Positive
"Event terbaru selalu bikin excited, hadiahnya gampang didapat. Moonton tahu cara manjain player!",Positive
"Main MLBB bikin aku lupa stres, tiap menang rasanya puas banget. Moonton, kalian luar biasa!",Positive
"Grafik hero di MLBB selalu detail, animasinya smooth. Moonton bener-bener perhatiin kualitas!",Positive
"Mode brawl di MLBB cocok buat santai, tapi tetep seru. Moonton bikin game yang fleksibel!",Positive
"Event collab Naruto bikin aku main berjam-jam, mini game-nya seru abis. Moonton, respect!",Positive
"MLBB punya banyak pilihan hero, jadi gak pernah bosen main. Moonton selalu tambah variasi!",Positive
"Sistem rank MLBB bikin kompetitif tapi tetap fun, gak bikin frustrasi. Moonton jaga balance!",Positive
"Update UI baru bikin navigasi game makin gampang, Moonton selalu bikin pengalaman lebih baik!",Positive
"Main MLBB bareng temen selalu bikin ketawa, momen teamwork-nya epic. Moonton bikin game legendaris!",Positive
Event skin gratis bikin aku bisa pamer ke temen tanpa bayar. Moonton emang paling paham player!,Positive
"MLBB punya komunitas yang solid, selalu ada turnamen seru. Moonton bikin game ini hidup!",Positive
"Grafik di MLBB makin cakep tiap update, efek skill bikin puas. Moonton selalu kasih yang terbaik!",Positive
"Mode baru di MLBB selalu bikin penasaran, gak pernah bosen main. Moonton, kalian jenius!",Positive
"Main solo di MLBB tetep asik, matchmaking-nya cepet dan seru. Moonton bikin game yang fleksibel!",Positive
"Event collab anime di MLBB selalu bikin excited, apalagi yang Naruto. Moonton, kalian top!",Positive
"Skin hero di MLBB desainnya selalu unik, efeknya bikin main makin seru. Moonton mantap!",Positive
"MLBB bikin aku ketemu temen baru dari seluruh dunia, game ini bener-bener menyatukan. Moonton hebat!",Positive
"Update terbaru bikin performa game makin stabil, gak ada crash. Moonton, kalian luar biasa!",Positive
"Mode magic chess di MLBB bikin aku ketagihan, strateginya dalam banget. Moonton kreatif!",Positive
"Event di MLBB selalu kasih hadiah menarik, misinya juga gampang. Moonton tahu cara bikin player happy!",Positive
"Main MLBB bikin hari-hari lebih seru, tiap match punya cerita sendiri. Moonton bikin game epic!",Positive
Grafik map baru di MLBB bikin suasana main makin hidup. Moonton gak pernah gagal!,Positive
"MLBB punya hero yang variatif, tiap role punya keunikan. Moonton bikin game yang balance!",Positive
"Event skin epic selalu bikin semangat buat grinding. Moonton, kalian tahu cara bikin player betah!",Positive
"Main MLBB bareng squad bikin momen unforgettable, teamwork-nya solid. Moonton bikin game top!",Positive
"UI di MLBB makin modern, navigasinya intuitif banget. Moonton selalu perhatiin detail!",Positive
"Event collab di MLBB selalu bikin excited, apalagi hadiahnya gampang didapat. Moonton juara!",Positive
"MLBB bikin aku belajar sabar dan strategi, game ini mendidik sekaligus seru. Moonton hebat!",Positive
Skin gratis dari event bikin aku bisa gaya tanpa top-up. Moonton emang paling mengerti player!,Positive
"Komunitas MLBB selalu ramai, turnamen lokal bikin game ini hidup. Moonton bikin game legendaris!",Positive
"Grafik di MLBB makin realistis, efek skill hero bikin takjub. Moonton selalu kasih kualitas!",Positive
Mode brawl di MLBB cocok buat santai tapi tetep kompetitif. Moonton bikin game yang asik!,Positive
"Event Naruto di MLBB bikin aku main nonstop, mini game-nya seru banget. Moonton, kalian top!",Positive
"MLBB punya banyak hero baru, tiap update bikin penasaran. Moonton selalu bikin game fresh!",Positive
"Sistem rank di MLBB bikin tiap match menantang, tapi tetep fun. Moonton jaga kualitas!",Positive
"Update UI di MLBB bikin main makin nyaman, navigasinya smooth. Moonton selalu inovatif!",Positive
"Main MLBB bareng temen bikin hari lebih ceria, momen epic-nya gak terlupakan. Moonton hebat!",Positive
Event skin gratis di MLBB bikin aku bisa pamer tanpa bayar. Moonton emang paling paham!,Positive
"MLBB punya komunitas global yang ramah, ketemu player asik dari mana-mana. Moonton top!",Positive
"Grafik di MLBB selalu ditingkatin, efek visualnya bikin puas. Moonton gak pernah mengecewakan!",Positive
"Mode baru di MLBB bikin tiap match beda, gak ada kata bosen. Moonton, kalian jenius!",Positive
"Main solo rank di MLBB tetep seru, matchmaking-nya cepet. Moonton bikin game yang asik!",Positive
"Event collab anime di MLBB selalu bikin excited, Naruto event top banget. Moonton mantap!",Positive
"Skin hero di MLBB selalu punya desain keren, efeknya bikin main makin seru. Moonton juara!",Positive
"MLBB bikin aku ketemu temen baru, game ini bener-bener nyatuin orang. Moonton hebat!",Positive
"Update terbaru bikin MLBB makin smooth, gak ada lag sama sekali. Moonton, kalian terbaik!",Positive
"Mode magic chess di MLBB bikin ketagihan, strateginya bikin mikir. Moonton kreatif banget!",Positive
"Event di MLBB selalu kasih hadiah menarik, misinya gampang. Moonton tahu cara bikin player senang!",Positive
"Main MLBB bikin hari lebih seru, tiap match punya cerita. Moonton bikin game legendaris!",Positive
"Grafik map di MLBB makin cakep, suasananya bikin betah. Moonton gak pernah gagal!",Positive
"MLBB punya hero yang variatif, tiap role punya keunikan. Moonton bikin game yang balance!",Positive
"Event skin epic di MLBB bikin semangat grinding, hadiahnya worth it. Moonton top!",Positive
"Main MLBB bareng squad bikin momen epic, teamwork-nya solid. Moonton bikin game terbaik!",Positive
"UI di MLBB makin modern, navigasinya gampang banget. Moonton selalu perhatiin detail!",Positive
"Event collab di MLBB selalu bikin excited, hadiahnya gampang didapat. Moonton juara!",Positive
"MLBB bikin aku belajar strategi dan kerja sama, game ini mendidik. Moonton hebat!",Positive
Skin gratis dari event bikin aku bisa gaya tanpa top-up. Moonton emang paling mengerti!,Positive
"Komunitas MLBB selalu ramai, turnamen bikin game ini hidup. Moonton bikin game legendaris!",Positive
"Grafik di MLBB makin realistis, efek skill bikin takjub. Moonton selalu kasih kualitas!",Positive
Mode brawl di MLBB cocok buat santai tapi tetep seru. Moonton bikin game yang fleksibel!,Positive
"Sinyal lag parah padahal pakai wifi kencang, tim selalu dapat yang noob, musuh pro semua. Moonton tolong perbaiki matchmaking!",Negative
"Game penuh bug, loading stuck di 99%, lag meski sinyal hijau. Moonton cuma fokus event, bugfix kapan?",Negative
"Fitur custom bikin HP lag, skill gak responsif, panas cepet. Moonton, hapus atau perbaiki fitur ini!",Negative
"Lag terus setiap match, padahal sinyal bagus. Menu feedback juga gak ada, Moonton gak peduli player!",Negative
"Server MLBB error, main 20 menit menang tapi bintang gak nambah. History match juga hilang, tolong diperbaiki!",Negative
"Matchmaking gak adil, tim epic ketemu musuh mythic. Moonton, otaknya mana? Susah naik rank gini!",Negative
"Update terbaru bikin game crash tiap menit, ganggu banget pas war. Moonton, tolong serius perbaiki!",Negative
"Server error, koneksi putus padahal jaringan stabil. Main lama tapi hasil gak kehitung, Moonton parah!",Negative
"Game makin aneh, event banyak tapi sistem matchmaking rusak. Jaringan lag tiap update, Moonton fokus cuan doang!",Negative
"Matchmaking bikin stres, tim selalu newbie, musuh pro. Moonton, perbaiki sistem tim biar adil!",Negative
"Jaringan lag parah, main 10 menit relog sendiri, akhirnya kalah. Moonton, servernya kapan beres?",Negative
"Download konten MLBB makan memori besar, HP kentang gak kuat. Moonton, pikirin player low-end dong!",Negative
"Matchmaking kacau, win streak 7 kalah 10. Bahasa toxic di game gak diban, Moonton tidur apa?",Negative
"Bug di MLBB gak habis-habis, menang di game tapi history kalah. Moonton cuma peduli cuan, player diabaikan!",Negative
"Lag sebulan lebih, ganti kartu gak ngefek. HP RAM 12 masih lag, Moonton perbaiki server dong!",Negative
"Matchmaking bikin emosi, tim selalu dark system, musuh pro. Moonton, tolong kasih tim seimbang!",Negative
"Game seru tapi server lag bikin lose streak. Moonton, fokus perbaiki jaringan, bukan cuma skin!",Negative
"Main rank susah banget, tim random gak ngerti main, musuh pro. Moonton, perbaiki matchmaking!",Negative
"Game lag parah, tombol skill gak responsif, joystick jalan sendiri. Moonton, bug ini kapan selesai?",Negative
"Server MLBB bikin bad mood, lag terus padahal wifi stabil. Moonton, tolong serius perbaiki!",Negative
"Matchmaking gak adil, solo player selalu dapat tim noob. Moonton, bikin sistem yang fair dong!",Negative
"Game crash pas war, bintang gak nambah meski menang. Moonton, servernya bikin frustrasi!",Negative
"Update bikin HP panas, lag parah, skill delay. Moonton, pikirin performa di HP low-end!",Negative
"Dark system di MLBB bikin cape, tim selalu lelet, musuh pro. Moonton, tolong balance tim!",Negative
"Bug skill hero, seperti Balmond gak kasih damage di mode offline. Moonton, tolong perbaiki!",Negative
"Game lag, ping hijau tiba-tiba merah. Moonton, servernya gak beres, player rugi terus!",Negative
"Matchmaking bikin stres, tim epic ketemu musuh immortal. Moonton, ini game apa siksaan?",Negative
"Event banyak tapi server lag, main rank gak nyaman. Moonton, fokus perbaiki jaringan!",Negative
"Game berat, HP RAM 4 gak kuat. Moonton, bikin versi lite buat player low-end dong!",Negative
"Dark system parah, tim gak ngerti rotasi, musuh pro. Moonton, tolong perbaiki matchmaking!",Negative
"Server lag bikin lose streak, padahal sinyal bagus. Moonton, kapan servernya stabil?",Negative
"Bug di emblem bikin texture berubah, ganggu main. Moonton, tolong perbaiki bug ini!",Negative
"Matchmaking bikin emosi, tim selalu newbie, musuh jago. Moonton, bikin sistem adil dong!",Negative
"Game lag parah, skill gak keluar, hero jalan sendiri. Moonton, bug ini bikin frustrasi!",Negative
"Server MLBB bikin kesel, lag di tengah match penting. Moonton, tolong optimasi jaringan!",Negative
"Main solo rank bikin stres, tim dark system terus. Moonton, perbaiki sistem tim!",Negative
"Game crash tiba-tiba, bintang gak nambah meski menang. Moonton, servernya kapan beres?",Negative
"Update bikin game berat, HP low-end gak kuat. Moonton, pikirin player biasa dong!",Negative
"Matchmaking gak adil, tim selalu lelet, musuh pro. Moonton, tolong bikin sistem fair!",Negative
"Server lag bikin kalah, padahal sinyal stabil. Moonton, fokus perbaiki server, bukan event!",Negative
"Bug di MLBB bikin kesel, skill delay, joystick error. Moonton, tolong perbaiki bug!",Negative
"Matchmaking bikin pusing, tim random gak ngerti main. Moonton, bikin sistem yang adil!",Negative
"Game lag parah, ping hijau tiba-tiba kuning. Moonton, servernya bikin player rugi!",Negative
"Dark system di rank bikin cape, tim gak kompak, musuh jago. Moonton, perbaiki!",Negative
"Game crash pas war, bikin kalah gara-gara bug. Moonton, tolong serius perbaiki!",Negative
"Server MLBB bikin emosi, lag di tengah match. Moonton, kapan jaringannya stabil?",Negative
"Matchmaking gak adil, tim epic ketemu musuh glory. Moonton, ini game apa hukuman?",Negative
"Update bikin game lag, HP panas cepet. Moonton, optimasi buat HP low-end dong!",Negative
"Bug skill hero bikin frustrasi, gak kasih damage. Moonton, tolong perbaiki bug!",Negative
"Server lag bikin lose streak, padahal wifi kencang. Moonton, servernya kapan beres?",Negative
"Matchmaking bikin stres, tim selalu noob, musuh pro. Moonton, bikin sistem adil!",Negative
"Game crash tiba-tiba, bintang gak nambah. Moonton, servernya bikin player kesel!",Negative
"Update bikin HP low-end lag parah, Moonton, pikirin player biasa dong!",Negative
"Dark system di MLBB bikin cape, tim gak ngerti main. Moonton, perbaiki matchmaking!",Negative
"Server lag bikin kalah, ping tiba-tiba merah. Moonton, tolong stabilkan jaringan!",Negative
"Bug di game bikin skill gak responsif, Moonton, tolong perbaiki bug ini segera!",Negative
"Matchmaking gak adil, tim selalu lelet, musuh jago. Moonton, bikin sistem fair!",Negative
"Game lag parah, hero jalan sendiri ke tower. Moonton, bug ini bikin frustrasi!",Negative
"Server MLBB bikin kesel, lag di match krusial. Moonton, optimasi jaringan dong!",Negative
"Main solo rank susah, tim dark system terus. Moonton, perbaiki sistem tim!",Negative
"Game crash pas war, bikin kalah gara-gara bug. Moonton, tolong perbaiki server!",Negative
"Update bikin game berat, HP RAM 4 gak kuat. Moonton, bikin versi lite dong!",Negative
"Matchmaking bikin emosi, tim newbie, musuh pro. Moonton, tolong bikin adil!",Negative
"Server lag bikin lose streak, padahal sinyal bagus. Moonton, kapan beres?",Negative
"Bug di MLBB bikin skill delay, joystick error. Moonton, perbaiki bug ini!",Negative
"Matchmaking bikin stres, tim random gak ngerti main. Moonton, bikin sistem fair!",Negative
"Game lag parah, ping hijau tiba-tiba merah. Moonton, servernya bikin rugi!",Negative
"Dark system di rank bikin cape, tim gak kompak. Moonton, perbaiki matchmaking!",Negative
"Game crash tiba-tiba, bintang gak nambah. Moonton, servernya kapan stabil?",Negative
"Update bikin HP panas, lag parah. Moonton, optimasi buat HP low-end!",Negative
"Bug skill hero bikin frustrasi, gak kasih damage. Moonton, perbaiki bug!",Negative
"Server lag bikin kalah, padahal wifi stabil. Moonton, tolong perbaiki server!",Negative
"Matchmaking gak adil, tim epic ketemu musuh immortal. Moonton, ini siksaan!",Negative
"Game lag parah, skill gak responsif, hero jalan sendiri. Moonton, perbaiki!",Negative
"Server MLBB bikin emosi, lag di tengah match. Moonton, stabilkan jaringan!",Negative
"Main solo rank susah, tim dark system terus. Moonton, perbaiki sistem tim!",Negative
"Game crash pas war, bikin kalah gara-gara bug. Moonton, perbaiki server!",Negative
"Update bikin game berat, HP low-end gak kuat. Moonton, bikin versi lite!",Negative
"Matchmaking bikin stres, tim selalu noob, musuh pro. Moonton, bikin adil!",Negative
"Server lag bikin lose streak, padahal sinyal bagus. Moonton, kapan beres?",Negative
"Bug di MLBB bikin skill delay, joystick error. Moonton, perbaiki bug ini!",Negative
"Matchmaking gak adil, tim random gak ngerti main. Moonton, bikin sistem fair!",Negative
"Game lag parah, ping hijau tiba-tiba kuning. Moonton, servernya bikin rugi!",Negative
"Dark system di rank bikin cape, tim gak kompak. Moonton, perbaiki matchmaking!",Negative
"Game crash tiba-tiba, bintang gak nambah. Moonton, servernya kapan stabil?",Negative
"Update bikin HP panas, lag parah. Moonton, optimasi buat HP low-end!",Negative
"Bug skill hero bikin frustrasi, gak kasih damage. Moonton, perbaiki bug!",Negative
"Server lag bikin kalah, padahal wifi stabil. Moonton, tolong perbaiki server!",Negative
"Matchmaking gak adil, tim epic ketemu musuh glory. Moonton, ini hukuman?",Negative
"Game lag parah, skill gak responsif, hero jalan sendiri. Moonton, perbaiki!",Negative
"Server MLBB bikin kesel, lag di match krusial. Moonton, optimasi jaringan!",Negative
"Main solo rank susah, tim dark system terus. Moonton, perbaiki sistem tim!",Negative
"Game crash pas war, bikin kalah gara-gara bug. Moonton, perbaiki server!",Negative
"Update bikin game berat, HP RAM 4 gak kuat. Moonton, bikin versi lite!",Negative
"Matchmaking bikin emosi, tim newbie, musuh pro. Moonton, tolong bikin adil!",Negative
"Server lag bikin lose streak, padahal sinyal bagus. Moonton, kapan beres?",Negative
"Bug di MLBB bikin skill delay, joystick error. Moonton, perbaiki bug ini!",Negative
"[Sengaja rate 5] gw udah muak ama moonton. KEBANYAKAN BUG!!! mulai dari loading pertandingan stuck 99%, lag padahal sinyal bagus, pokoknya banyak lagi. Tolong diperhatikan bugnya, jangan kebanyakan update tapi gak ada bugfix",Negative
"untuk sekrng game nya kurang bagus , ada satu masalh ketika lagi masa ngeban tiba² terjadi lag yang sangat parah padahal jaringan nya Oky , semua nya Oky tapi knp tiba² bisa kek gitu . itu sering terjadi dan itu sangat menganggu terus saya coba keluar kan untk login ulang dan itu membutuhkan waktu sekitar 5 menit dan itu membuat saya jadi Afk saya sekrng cukup prihatin dengan ml yg sekrng seharusnya semakin update semakin bagus tapi ternyata tidak dan saya cukup kecewa",Negative
"matchmaking tidak seimbang, selalu dikasih musuh yang sudah, tidak adil, sistem buruk, karna sistem begini banyak yang menggunakan skrip/cheat biar bisa menang. mohon di perbaiki, padahal game sudah terkenal tapi sitem nya tidak adil untuk di in-game nya, selalu dikasih musuh yang jauh lebih handal",Negative
"Game MLBB cukup seru, gameplay-nya oke untuk mengisi waktu luang. Tapi kadang matchmaking-nya kurang seimbang, mungkin bisa diperbaiki.",Neutral
"Event di MLBB banyak dan menarik, tapi terkadang jaringan agak bermasalah. Secara keseluruhan, game ini lumayan untuk dimainkan.",Neutral
"Grafik di MLBB sudah bagus, tapi saya merasa ukuran filenya agak besar untuk HP spek rendah. Masih oke untuk main sesekali.",Neutral
"Main MLBB seru, apalagi bareng temen. Cuma kadang lag di tengah match, mungkin servernya perlu dioptimalkan lagi.",Neutral
"Game ini punya banyak hero dan mode, cukup variatif. Tapi sistem rank kadang bikin bingung, mungkin butuhkan penyesuaian.",Neutral
"MLBB punya komunitas yang aktif, event-nya juga oke. Tapi kadang ketemu tim yang kurang kompak, ya biasa lah.",Neutral
"Gameplay MLBB solid, cocok untuk main santai. Tapi kadang update bikin HP agak berat, mungkin bisa lebih ringan.",Neutral
"Event collab di MLBB cukup menarik, tapi misi-misinya agak repetitif. Secara umum, game ini layak dimainkan.",Neutral
"Skin di MLBB desainnya bagus, tapi harganya lumayan mahal. Game-nya sendiri cukup asik untuk dimainkan.",Neutral
"MLBB punya banyak mode permainan, seru untuk coba-coba. Tapi kadang jaringan suka naik-turun, mungkin bisa diperbaiki.",Neutral
"Main di mode brawl cukup menghibur, tapi kadang matchmaking-nya agak lama. Overall, game ini cukup oke.",Neutral
"Grafik MLBB udah bagus, tapi kadang skill efek kurang konsisten di HP low-end. Masih asik buat main.",Neutral
"MLBB punya banyak event, tapi kadang hadiahnya kurang sebanding dengan usaha. Game-nya sendiri lumayan seru.",Neutral
"Game ini cukup adiktif, tapi matchmaking kadang bikin frustrasi. Mungkin perlu balancing lebih lanjut.",Neutral
"Main MLBB bareng temen lumayan seru, tapi kadang server agak lambat. Secara keseluruhan, game ini oke.",Neutral
"Event skin gratis di MLBB cukup menarik, tapi drop rate-nya agak rendah. Game-nya sendiri cukup enjoyable.",Neutral
"MLBB punya variasi hero yang oke, tapi kadang rotasi tim kurang jelas. Masih layak dimainkan sih.",Neutral
"Game ini cocok buat ngisi waktu luang, tapi kadang bug kecil bikin kesel. Secara umum, MLBB lumayan.",Neutral
"Mode magic chess di MLBB cukup unik, tapi kadang matchmaking-nya agak lama. Game-nya sendiri oke.",Neutral
"MLBB punya komunitas besar, event-nya juga sering. Tapi kadang lag di match penting, mungkin perlu perbaikan.",Neutral
"Grafik di MLBB udah bagus, tapi kadang HP cepet panas kalo main lama. Masih seru buat dimainkan.",Neutral
"Main rank di MLBB cukup menantang, tapi kadang tim random bikin pusing. Overall, game ini lumayan.",Neutral
"Event collab anime di MLBB oke, tapi kadang misinya terlalu grindy. Game-nya sendiri cukup seru.",Neutral
"MLBB punya banyak hero baru, tapi kadang balance-nya kurang pas. Secara keseluruhan, game ini oke.",Neutral
"Game ini punya gameplay yang solid, tapi kadang jaringan bikin drop. Masih layak buat dimainkan.",Neutral
"Event di MLBB cukup variatif, tapi kadang hadiahnya standar. Game-nya sendiri lumayan menghibur.",Neutral
"MLBB cocok buat main bareng temen, tapi kadang ketemu tim yang kurang koordinasi. Overall, oke lah.",Neutral
"Grafik MLBB udah modern, tapi kadang loading lama di HP kentang. Masih seru buat main.",Neutral
"Main brawl di MLBB asik, tapi kadang matchmaking bikin nunggu lama. Game ini cukup oke.",Neutral
"Event skin di MLBB menarik, tapi kadang susah dapet yang epic. Secara umum, game ini lumayan.",Neutral
"MLBB punya banyak mode, tapi kadang server agak bermasalah. Masih layak buat dimainkan.",Neutral
"Game ini cukup seru, tapi kadang bug kecil bikin ganggu. Secara keseluruhan, MLBB oke.",Neutral
"Komunitas MLBB ramai, event-nya juga oke. Tapi kadang lag di tengah match, mungkin perlu optimasi.",Neutral
"MLBB punya grafik yang bagus, tapi kadang performa drop di HP lama. Masih asik buat main.",Neutral
"Main rank di MLBB cukup kompetitif, tapi kadang tim random bikin susah. Game ini lumayan.",Neutral
"Event collab di MLBB seru, tapi kadang misinya agak berulang. Secara umum, game ini oke.",Neutral
"MLBB punya hero yang variatif, tapi kadang balance skill kurang merata. Masih seru dimainkan.",Neutral
"Gameplay MLBB solid, tapi kadang jaringan bikin lag. Secara keseluruhan, game ini lumayan.",Neutral
"Event di MLBB cukup menarik, tapi kadang hadiahnya biasa saja. Game-nya sendiri oke.",Neutral
"MLBB cocok buat main santai, tapi kadang matchmaking bikin lama. Secara umum, game ini lumayan.",Neutral
"Grafik di MLBB udah bagus, tapi kadang HP low-end agak susah. Masih seru buat dimainkan.",Neutral
"Main brawl di MLBB menghibur, tapi kadang server agak lambat. Game ini cukup oke.",Neutral
"Event skin gratis di MLBB lumayan, tapi kadang susah dapet yang bagus. Game-nya sendiri oke.",Neutral
"MLBB punya banyak mode permainan, tapi kadang bug kecil mengganggu. Secara umum, lumayan.",Neutral
"Komunitas MLBB aktif, event-nya juga oke. Tapi kadang lag di match krusial, mungkin perlu perbaikan.",Neutral
"MLBB punya grafik yang oke, tapi kadang performa drop di device lama. Masih asik buat main.",Neutral
"Main rank di MLBB seru, tapi kadang tim random kurang kompak. Overall, game ini lumayan.",Neutral
"Event collab di MLBB cukup keren, tapi kadang misinya monoton. Secara keseluruhan, oke.",Neutral
"MLBB punya hero yang beragam, tapi kadang balance-nya agak off. Masih layak dimainkan.",Neutral
"Gameplay MLBB cukup solid, tapi kadang jaringan bikin drop. Secara umum, game ini lumayan.",Neutral
"Event di MLBB variatif, tapi kadang hadiahnya kurang spesial. Game-nya sendiri cukup seru.",Neutral
"MLBB cocok buat main bareng, tapi kadang ketemu tim yang kurang koordinasi. Overall, oke.",Neutral
"Grafik MLBB udah modern, tapi kadang loading agak lama. Masih seru buat dimainkan.",Neutral
"Main brawl di MLBB asik, tapi kadang matchmaking lambat. Game ini cukup lumayan.",Neutral
"Event skin di MLBB menarik, tapi kadang susah dapet yang epic. Secara umum, game ini oke.",Neutral
"MLBB punya banyak mode, tapi kadang server bermasalah. Masih layak buat dimainkan.",Neutral
"Game ini cukup seru, tapi kadang bug kecil bikin ganggu. Secara keseluruhan, MLBB lumayan.",Neutral
"Komunitas MLBB ramai, event-nya juga oke. Tapi kadang lag di tengah match, mungkin perlu optimasi.",Neutral
"MLBB punya grafik yang bagus, tapi kadang HP cepet panas. Masih seru buat main.",Neutral
"Main rank di MLBB cukup menantang, tapi kadang tim random bikin pusing. Game ini lumayan.",Neutral
"Event collab anime di MLBB oke, tapi kadang misinya terlalu grindy. Game ini cukup seru.",Neutral
"MLBB punya hero yang variatif, tapi kadang balance skill kurang pas. Masih seru dimainkan.",Neutral
"Gameplay MLBB solid, tapi kadang jaringan bikin lag. Secara keseluruhan, game ini lumayan.",Neutral
"Event di MLBB cukup menarik, tapi kadang hadiahnya standar. Game-nya sendiri oke.",Neutral
"MLBB cocok buat main santai, tapi kadang matchmaking bikin lama. Secara umum, game ini lumayan.",Neutral
"Grafik di MLBB udah bagus, tapi kadang HP low-end agak susah. Masih seru buat dimainkan.",Neutral
"Main brawl di MLBB menghibur, tapi kadang server agak lambat. Game ini cukup oke.",Neutral
"Event skin gratis di MLBB lumayan, tapi kadang susah dapet yang bagus. Game-nya sendiri oke.",Neutral
"MLBB punya banyak mode permainan, tapi kadang bug kecil mengganggu. Secara umum, lumayan.",Neutral
"Komunitas MLBB aktif, event-nya juga oke. Tapi kadang lag di match krusial, mungkin perlu perbaikan.",Neutral
"MLBB punya grafik yang oke, tapi kadang performa drop di device lama. Masih asik buat main.",Neutral
"Main rank di MLBB seru, tapi kadang tim random kurang kompak. Overall, game ini lumayan.",Neutral
"Event collab di MLBB cukup keren, tapi kadang misinya monoton. Secara keseluruhan, oke.",Neutral
"MLBB punya hero yang beragam, tapi kadang balance-nya agak off. Masih layak dimainkan.",Neutral
"Gameplay MLBB cukup solid, tapi kadang jaringan bikin drop. Secara umum, game ini lumayan.",Neutral
"Event di MLBB variatif, tapi kadang hadiahnya kurang spesial. Game-nya sendiri cukup seru.",Neutral
"MLBB cocok buat main bareng, tapi kadang ketemu tim yang kurang koordinasi. Overall, oke.",Neutral
"Grafik MLBB udah modern, tapi kadang loading agak lama. Masih seru buat dimainkan.",Neutral
"Main brawl di MLBB asik, tapi kadang matchmaking lambat. Game ini cukup lumayan.",Neutral
"Event skin di MLBB menarik, tapi kadang susah dapet yang epic. Secara umum, game ini oke.",Neutral
"MLBB punya banyak mode, tapi kadang server bermasalah. Masih layak buat dimainkan.",Neutral
"Game ini cukup seru, tapi kadang bug kecil bikin ganggu. Secara keseluruhan, MLBB lumayan.",Neutral
"Komunitas MLBB ramai, event-nya juga oke. Tapi kadang lag di tengah match, mungkin perlu optimasi.",Neutral
"MLBB punya grafik yang bagus, tapi kadang HP cepet panas. Masih seru buat main.",Neutral
"Main rank di MLBB cukup menantang, tapi kadang tim random bikin pusing. Game ini lumayan.",Neutral
"Event collab anime di MLBB oke, tapi kadang misinya terlalu grindy. Game ini cukup seru.",Neutral
"MLBB punya hero yang variatif, tapi kadang balance skill kurang pas. Masih seru dimainkan.",Neutral
"Gameplay MLBB solid, tapi kadang jaringan bikin lag. Secara keseluruhan, game ini lumayan.",Neutral
"Event di MLBB cukup menarik, tapi kadang hadiahnya standar. Game-nya sendiri oke.",Neutral
"MLBB cocok buat main santai, tapi kadang matchmaking bikin lama. Secara umum, game ini lumayan.",Neutral
"Grafik di MLBB udah bagus, tapi kadang HP low-end agak susah. Masih seru buat dimainkan.",Neutral
"Main brawl di MLBB menghibur, tapi kadang server agak lambat. Game ini cukup oke.",Neutral
"Event skin gratis di MLBB lumayan, tapi kadang susah dapet yang bagus. Game-nya sendiri oke.",Neutral
"MLBB punya banyak mode permainan, tapi kadang bug kecil mengganggu. Secara umum, lumayan.",Neutral
"Komunitas MLBB aktif, event-nya juga oke. Tapi kadang lag di match krusial, mungkin perlu perbaikan.",Neutral
"MLBB punya grafik yang oke, tapi kadang performa drop di device lama. Masih asik buat main.",Neutral
"Main rank di MLBB seru, tapi kadang tim random kurang kompak. Overall, game ini lumayan.",Neutral
"Event collab di MLBB cukup keren, tapi kadang misinya monoton. Secara keseluruhan, oke.",Neutral
"MLBB punya hero yang beragam, tapi kadang balance-nya agak off. Masih layak dimainkan.",Neutral
"bagus, pemainnya ramah ramah (ramah bgt kosyak) tolong ya perbanyak winstreak buat orang yang ada di tier atas, kalo ditier bawah terserah, soalnya tadi aku main ditier atas playernya ga jago, jago sih, tapi musuhnya lebih jago, timnya juga kadang agak gajelas, masa disuruh mundur malah maju², blunder kan, akhirnya kena comeback, gapapa kok, aku ga nyalahin ownernya, lagian tim ku nya yg ga jelas banget",Neutral
